filename	dN	dS	dN_dS
A1.fa	0.0779922851430357	0.120256987556385	0.648546805701978
A2.fa	0.360495692789793	0.338988842807293	1.06344412342422
A3.fa	0.260339510885746	0.230365631898451	1.13011436966651
